,Độ chính xác (Precision),Độ bao phủ (Recall),Điểm F1,Số mẫu (Support)
0,0.75,0.875219683655536,0.8077858880778589,569.0
1,0.3879310344827586,0.2132701421800948,0.27522935779816515,211.0
accuracy,0.6961538461538461,0.6961538461538461,0.6961538461538461,0.6961538461538461
macro avg,0.5689655172413793,0.5442449129178154,0.541507622938012,780.0
weighted avg,0.6520557029177719,0.6961538461538461,0.6637225189893776,780.0
