,Độ chính xác (Precision),Độ bao phủ (Recall),Điểm F1,Số mẫu (Support)
0,0.7522658610271903,0.875219683655536,0.8090982940698619,569.0
1,0.3983050847457627,0.22274881516587677,0.2857142857142857,211.0
accuracy,0.6987179487179487,0.6987179487179487,0.6987179487179487,0.6987179487179487
macro avg,0.5752854728864765,0.5489842494107064,0.5474062898920737,780.0
weighted avg,0.6565149330843938,0.6987179487179487,0.6675162097582893,780.0
