Model,Accuracy,CV_Mean
Random Forest,0.6961538461538461,0.658974358974359
Logistic Regression (Baseline),0.7294871794871794,0.7294871794871794
