Yếu tố ảnh hưởng,Mức độ quan trọng (%)
Số tiền chi tiêu,23.469434040633868
Tuổi tác,21.402626300528528
Số lần mua trước,20.248068110897513
Điểm đánh giá,17.484110151387405
Giới tính,17.39576139655269
