,Thống kê mô tả,TB theo giảm giá,TB theo mã KM
count,3900.0,,
mean,59.76435897435898,,
std,23.685392250875307,,
min,20.0,,
25%,39.0,,
50%,60.0,,
75%,81.0,,
max,100.0,,
No,,60.130454340980656,60.130454340980656
Yes,,59.27906976744186,59.27906976744186
